<toolSet name="External Tools">
  <tool name="autopep8" description="Auto PEP8" showInMainMenu="true" showInEditor="true" showInProject="true" showInSearchPopup="true" disabled="false" useConsole="true" showConsoleOnStdOut="false" showConsoleOnStdErr="false" synchronizeAfterRun="true">
    <exec>
      <option name="COMMAND" value="$USER_HOME$/dev/py3/bin/autopep8" />
      <option name="PARAMETERS" value="--in-place --aggressive --aggressive $FilePath$" />
      <option name="WORKING_DIRECTORY" value="$ProjectFileDir$" />
    </exec>
    <filter>
      <option name="NAME" value="No name" />
      <option name="DESCRIPTION" />
      <option name="REGEXP" value="$FILE_PATH$\:$LINE$\:$COLUMN$\:.*" />
    </filter>
  </tool>
</toolSet>