<application>
  <component name="PropertiesComponent">
    <property name="ExpandBeforeRunStepsPanel" value="true" />
    <property name="ExpandRunDashboardTypesPanel" value="false" />
    <property name="KEYMAP" value="navigation" />
    <property name="PluginConfigurable.selectionTab" value="1" />
    <property name="PyCharm.InitialConfiguration" value="true" />
    <property name="PyCharm.InitialConfiguration.V2" value="true" />
    <property name="PyCharm.InitialConfiguration.V3" value="true" />
    <property name="PyCharm.InitialConfiguration.V4" value="true" />
    <property name="PyCharm.InitialConfiguration.V5" value="true" />
    <property name="PyCharm.InitialConfiguration.V6" value="true" />
    <property name="PyCharm.InitialConfiguration.V7" value="true" />
    <property name="PyCharm.initialConfigurationShown" value="true" />
    <property name="SettingsSearchHistory" value="wra&#10;inter" />
    <property name="SplitFileEditor.Proportion" value="0.7486842" />
    <property name="TrendingPluginsSearchHistory" value="vim&#10;code" />
    <property name="export.settings.path" value="~/Sync/pycharm_setting_20190612.zip" />
    <property name="file.chooser.recent.files" value="$USER_HOME$/dev/py3/bin/python3" />
    <property name="file.gist.reindex.count" value="22214" />
    <property name="fileTypeChangedCounter" value="1" />
    <property name="ideavim.statistics.timestamp" value="1560234876451" />
    <property name="selected.color.option.type" value="RIGHT_MARGIN_COLOR" />
  </component>
  <component name="PyTestFrameworkService">
    <option name="SDK_TO_PYTEST">
      <map>
        <entry key="$USER_HOME$/dev/py3/bin/python" value="true" />
      </map>
    </option>
    <option name="SDK_TO_NOSETEST">
      <map>
        <entry key="$USER_HOME$/dev/py3/bin/python" value="false" />
      </map>
    </option>
    <option name="SDK_TO_TRIALTEST">
      <map>
        <entry key="$USER_HOME$/dev/py3/bin/python" value="false" />
      </map>
    </option>
  </component>
</application>