<keymap version="1" name="andy" parent="Mac OS X">
  <action id="ActivateGradleToolWindow">
    <keyboard-shortcut first-keystroke="meta 8" />
  </action>
  <action id="ActivateTerminalToolWindow">
    <keyboard-shortcut first-keystroke="ctrl back_quote" />
  </action>
  <action id="Back">
    <mouse-shortcut keystroke="button4" />
    <keyboard-shortcut first-keystroke="shift meta k" />
  </action>
  <action id="Forward">
    <mouse-shortcut keystroke="button5" />
    <keyboard-shortcut first-keystroke="shift meta j" />
  </action>
  <action id="QuickChangeScheme" />
  <action id="SwitchApply">
    <keyboard-shortcut first-keystroke="ctrl alt enter" />
  </action>
  <action id="SwitchDown">
    <keyboard-shortcut first-keystroke="ctrl alt down" />
  </action>
  <action id="SwitchLeft">
    <keyboard-shortcut first-keystroke="ctrl alt left" />
  </action>
  <action id="SwitchRight">
    <keyboard-shortcut first-keystroke="ctrl alt right" />
  </action>
  <action id="SwitchUp">
    <keyboard-shortcut first-keystroke="ctrl alt up" />
  </action>
  <action id="Vcs.Push" />
</keymap>